{
  "summary": {
    "totalIncome": 85000,
    "changePercent": 5.2,
    "totalEntries": 4,
    "recurringTotal": 63750,
    "oneTimeTotal": 21250,
    "sourcesCount": 3
  },
  "trend": [
    {
      "month": "Sep",
      "amount": 75000
    },
    {
      "month": "Oct",
      "amount": 78000
    },
    {
      "month": "Nov",
      "amount": 80000
    },
    {
      "month": "Dec",
      "amount": 80000
    },
    {
      "month": "Jan",
      "amount": 81000
    },
    {
      "month": "Feb",
      "amount": 85000
    }
  ],
  "highlights": {
    "topSource": "Salary",
    "topSourceAmount": 63750,
    "topSourcePercent": 75,
    "bestMonth": "Feb 2026",
    "bestMonthAmount": 85000,
    "sixMonthAvg": 79833
  },
  "allocation": [
    {
      "source": "Salary",
      "amount": 63750,
      "percent": 75,
      "color": "#10b981"
    },
    {
      "source": "Dividend",
      "amount": 12750,
      "percent": 15,
      "color": "#3b82f6"
    },
    {
      "source": "Rental",
      "amount": 8500,
      "percent": 10,
      "color": "#a855f7"
    },
    {
      "source": "Freelance",
      "amount": 0,
      "percent": 0,
      "color": "#f59e0b"
    }
  ],
  "entries": [
    {
      "id": "inc_1",
      "date": "2026-02-10",
      "source": "Salary",
      "description": "Monthly Salary - Visa",
      "amount": 63750,
      "currency": "INR",
      "recurring": "Every month on 10th"
    },
    {
      "id": "inc_2",
      "date": "2026-02-05",
      "source": "Dividend",
      "description": "Quarterly Dividend - Axis MF",
      "amount": 12750,
      "currency": "INR",
      "recurring": "Quarterly"
    },
    {
      "id": "inc_3",
      "date": "2026-02-01",
      "source": "Rental",
      "description": "House Rent - Koramangala",
      "amount": 8500,
      "currency": "INR",
      "recurring": "Every month on 1st"
    },
    {
      "id": "inc_4",
      "date": "2026-02-15",
      "source": "Freelance",
      "description": "Consulting - Acme Corp",
      "amount": 5000,
      "currency": "INR",
      "recurring": null
    },
    {
      "id": "inc_4",
      "date": "2026-02-15",
      "source": "Freelance",
      "description": "Consulting - Acme Corp",
      "amount": 5000,
      "currency": "INR",
      "recurring": null
    },
    {
      "id": "inc_4",
      "date": "2026-02-15",
      "source": "Freelance",
      "description": "Consulting - Acme Corp",
      "amount": 5000,
      "currency": "INR",
      "recurring": null
    },
    {
      "id": "inc_4",
      "date": "2026-02-15",
      "source": "Freelance",
      "description": "Consulting - Acme Corp",
      "amount": 5000,
      "currency": "INR",
      "recurring": null
    }
  ],
  "months": [
    "February 2026",
    "January 2026",
    "December 2025",
    "November 2025"
  ]
}