{
  "summary": {
    "totalInvested": 325000,
    "currentValue": 425650,
    "totalReturns": 100650,
    "totalReturnsPercent": 30.97,
    "todayChange": 2450,
    "todayChangePercent": 0.58
  },
  "holdings": [
    {
      "id": "mf_1",
      "name": "Axis Bluechip Fund - Direct Growth",
      "category": "Large Cap",
      "type": "Equity",
      "invested": 106048,
      "currentValue": 151119,
      "returns": 45071,
      "returnsPercent": 42.5,
      "broker": "Zerodha Coin"
    },
    {
      "id": "mf_2",
      "name": "Parag Parikh Flexi Cap - Direct Growth",
      "category": "Large & Mid Cap",
      "type": "Equity",
      "invested": 63406,
      "currentValue": 87626,
      "returns": 24220,
      "returnsPercent": 38.2,
      "broker": "Groww"
    },
    {
      "id": "mf_3",
      "name": "ICICI Pru Corporate Bond - Direct Growth",
      "category": "Debt",
      "type": "Corporate Bond",
      "invested": 99138,
      "currentValue": 104412,
      "returns": 5274,
      "returnsPercent": 5.3,
      "broker": "Paytm Money"
    },
    {
      "id": "mf_4",
      "name": "Kotak Emerging Equity - Direct Growth",
      "category": "Mid Cap",
      "type": "Equity",
      "invested": 35408,
      "currentValue": 52493,
      "returns": 17085,
      "returnsPercent": 48.2,
      "broker": "Direct/AMC"
    },
    {
      "id": "mf_5",
      "name": "SBI Small Cap Fund - Direct Growth",
      "category": "Small Cap",
      "type": "Equity",
      "invested": 21000,
      "currentValue": 30000,
      "returns": 9000,
      "returnsPercent": 42.9,
      "broker": "Kuvera"
    }
  ],
  "portfolioGrowth": [
    { "date": "Aug '25", "invested": 50000, "current": 45000 },
    { "date": "Sep '25", "invested": 95000, "current": 100000 },
    { "date": "Oct '25", "invested": 145000, "current": 160000 },
    { "date": "Nov '25", "invested": 195000, "current": 220000 },
    { "date": "Dec '25", "invested": 245000, "current": 280000 },
    { "date": "Jan '26", "invested": 285000, "current": 340000 },
    { "date": "Feb '26", "invested": 325000, "current": 425650 }
  ],
  "fundTypeAllocation": [
    { "type": "Large Cap", "percent": 45, "color": "#8b5cf6" },
    { "type": "Mid Cap", "percent": 25, "color": "#3b82f6" },
    { "type": "Small Cap", "percent": 15, "color": "#f59e0b" },
    { "type": "Debt", "percent": 10, "color": "#10b981" },
    { "type": "Liquid", "percent": 5, "color": "#6b7280" }
  ],
  "sectorAllocation": [
    { "sector": "IT & Technology", "percent": 28, "color": "#6366f1" },
    { "sector": "Banking & Financial", "percent": 22, "color": "#3b82f6" },
    { "sector": "FMCG", "percent": 15, "color": "#10b981" },
    { "sector": "Pharma & Healthcare", "percent": 12, "color": "#ef4444" },
    { "sector": "Auto & Manufacturing", "percent": 10, "color": "#f97316" },
    { "sector": "Others", "percent": 13, "color": "#8b5cf6" }
  ]
}
